PC_1,PC_2,PC_3,PC_4,PC_5,PC_6,PC_7,PC_8,PC_9,PC_10,PC_11,PC_12,num
-13.009472696845506,14.022352734935538,-0.10268407046053918,0.6834130802137133,1.023919447212503,-2.4864108549619903,-0.8337196096022119,1.072110097073514,0.4472117158429061,0.7043125947375559,0.29938147058375764,-0.2993226661183208,0
40.684260644147855,26.346406479804756,-2.137337592294104,1.8396157827718502,-0.4380948108460513,0.8075020112430049,0.2580445462528233,-1.0041767655462355,-1.2388252704679434,-0.04849815519228862,0.7280973411258151,-0.13022311464798197,1
-18.238136084173902,-10.729094963358392,-3.2850285269133117,0.7480012112715297,0.45081314495887814,-0.30064535070800663,0.4990245875616033,0.14134715911823142,0.5719326255627031,-0.24522177582481985,0.18966915639229964,0.29090926518592863,1
3.206190463897883,-1.8749627151349557,0.9925320372393842,-2.008988634386074,0.9449505086853973,-1.5313541600807379,-0.6760055477223907,-2.387773534085977,0.4692345752165179,0.513211329670344,0.39574947524440063,-0.6021116151353068,0
-42.72853141161946,0.4201573274200996,1.795183866883797,0.31614632363248285,1.5967221668626799,-0.6112390982821679,-0.11284715867885775,-0.622652633186401,-0.2980769872958169,-0.4105257630810414,-0.7220713102726247,0.504761567320086,0
-11.269392769938833,-11.159145794020162,1.7411574217373635,0.2086273963605465,-0.7210531800990023,-0.961815631095636,-0.031872193540915084,-0.1368005272562412,0.734047947195692,-0.49478084680873097,0.3061379134616955,-0.14796687454544677,0
21.708298885451995,7.2787371150733975,-1.6163174984432063,0.9357094937340058,0.8854001067582189,-0.6218509662708052,-0.03530444685382139,-2.3465708139628485,0.9314570375064161,0.766447811024449,-0.3008325885633395,-0.16546506044482312,1
106.58723695579187,-17.052403285595176,0.9481786296220176,-0.5437710299199023,-0.9942925178739341,0.8700320254988989,-0.5922378668705894,-0.5766246634994904,0.7061470893717767,-0.2711629404636857,0.2632304949806805,0.6982237530592352,0
7.222695015942293,-2.0186558280702656,-1.560938533784085,0.22436789168105564,0.6455860459455909,0.24924565637878793,0.4524199445705092,0.6681327591769222,0.8434249651023746,0.1815411531119111,-0.23393846014053166,-0.4956736111173341,1
-43.21963302618403,10.515205289421829,-1.607427248815426,-1.0664412956181526,1.8485462285983147,-0.3182743401374493,-0.566829927856439,-0.12543656439188372,1.0443220834003806,0.5361905213036446,0.5589226083392818,0.13201744575669982,1
-54.2135727493189,11.01968903908491,-0.13881309012939136,-0.8484341885394981,-0.7807733573038693,0.8227324659546655,-0.2431316205190026,0.5529744562106125,0.6247498624980238,0.4352895847044236,-0.011638518637109962,-0.5601686088191864,0
47.66299971168689,5.9415920757495115,1.1375395233941834,0.8790824503668477,0.8178835003113591,-0.7862226446476572,-0.9975789841121925,-0.07142300728510181,-0.05634376513440831,0.2974452847869353,-0.35792561147314284,0.13241200971570477,0
9.21537084472169,-2.1327959318533374,-0.7080252174965769,0.389455405499737,0.71486149744223,0.0015107618918587251,0.37242515455689584,0.8752888935740997,-0.34448323795921154,0.4183027737825318,0.6984443847042279,0.2954961006631658,1
15.691050159659142,-12.517784682371115,1.611314235768266,-1.481704472474237,-0.2552506790907256,-0.8325432094985104,0.809099822812932,1.2153993558926284,-0.17416338698251543,-0.14892353608436504,-0.2183327812460496,-0.03455605541222129,0
-45.63114147848074,42.619307306796856,1.1954030553306296,-1.4204007084317876,-0.6379212017542776,0.3209885705320803,0.5315772512796985,0.8405974615139304,0.13441338491571098,-0.22495029481968243,-0.11468958446929678,-0.2672764380696684,0
-77.68594550883506,22.197603614399583,1.2448672120568411,-0.09186759576925052,-0.6299684607572341,-0.10959115592138446,-0.19778217431641665,-0.8409965579846643,1.0240335211793907,-0.7344306230401391,0.15059945978688472,-0.274944052238175,0
-18.761738224918787,-20.780381809777253,0.3430587527698563,-1.3299824182971236,0.04545582013594507,-1.7260575987861997,0.0033681435688867056,0.8235624200552794,0.35519608183636175,1.2234759352396503,0.13671590814330248,-0.28437887295185993,1
-7.274131379932356,8.657882704475043,0.8542495074710845,-0.5628556281649544,-0.7008521628934768,0.809959925236301,-0.44034532848202756,-0.8622244829156798,0.6087353482528657,-0.6686561796178522,0.12102047231133017,-0.5561919259310433,0
28.17894851344812,-3.1373687789354534,1.366407901113873,-0.3358012320936632,-0.9107611247418715,0.5166792353294103,-0.8250364141105444,-0.22229697651109448,-0.7793612179870806,-0.17354478710134336,-0.5689812207362197,0.08566311928403858,0
19.187732936002305,-2.6845539346675054,2.147851350340742,-0.33874083296285185,-0.5661059649542182,-0.7203810827218687,-0.10611727151176042,-0.21492305030059622,-0.10126214620253249,-0.46381371351801715,0.25218302788275215,-0.24645026400863457,0
-36.725816736445495,-19.84704700461384,-0.031443297315445484,1.932229442169507,0.7202893222297864,-2.0176194528013127,-1.237723081713101,0.6048166713637624,0.33420064577752995,-0.31861279045253155,0.8386941964133223,0.5770770135208576,0
37.174528651378694,16.47742379315119,2.072945524721139,1.3289934867518258,0.5678170383956203,-1.2548795564304085,-0.47309503939801156,0.3862103851111481,-0.13306169343844276,-0.3012149283384735,-0.28964266769025837,0.4376109811592106,0
36.67844007613547,-13.522948089488679,0.6249295086221673,0.971395163375276,1.0098709071943803,-1.308780760480626,-0.8243700694216278,-0.05769060221424677,0.49637070626814705,-0.12498239458212179,0.29993835636425725,-0.38840347655564655,1
-22.63957357294501,1.4851928544884316,-1.3766404013208802,0.2016508348517707,1.08384978677892,-1.3206359450001477,1.7081818780360691,-0.4782747236638688,0.9237568414017152,-0.9509460114940108,-0.5399355905464001,-0.009010833013793462,1
-40.71413405331833,0.3905961944721241,-2.818705903597945,0.3354083246641113,0.7311079745421287,-0.052998856635198766,0.6980741364699337,-0.04716477327228169,0.1077941819224486,-0.1490412479349077,0.14232893016664483,0.304568472673034,1
-28.24670978328794,-10.308151178003968,0.6631613435616566,-0.3500836116323056,-0.3672195016096359,-0.4415833801015251,-0.9013965410526767,-0.9920740396162429,0.3551141797312609,0.3695532618151416,-0.39472829496702344,0.11766230734600414,0
92.60283121197256,-16.35702385141694,1.8054224298604438,-0.027383139421794933,-1.1362064280012907,0.17984324562223108,-0.23537143881822886,-0.11314778928463204,0.6950216520179828,0.022760253306779887,-0.22913414601438453,0.14375682585315375,0
-19.75513942762646,19.347594409008025,-0.08626489885069777,0.8838818815754825,-1.2150243417027986,-2.3301290164111155,-2.525546647346159,-0.14285372562819,-0.38776061676618245,0.5758175843763444,-0.2750695384945553,0.02773474337855153,0
1.209290954989541,18.22685834017912,1.5259930045502426,-1.4622529352408276,-0.11334139398902082,0.7930396787097853,-0.16152307341479177,-1.4410272489284601,0.13007558119964413,-0.6747200465199346,0.0611224779363555,-0.5534354638509169,0
-80.67597121390469,-17.6767025377482,-1.9835596293972384,-1.0335742639311143,1.8270710611855776,0.45171219013633745,-0.8738287774774804,0.5251813968294952,-0.8371880171042307,-0.2838712082946435,-0.14984465367293387,0.26288617249926793,1
-7.264280369564432,8.70860397420698,0.3372037769393401,1.7926454921090909,-1.8367248427429654,-2.143847936351058,0.3947695984544936,-0.5991020325001538,-0.05503786034209868,-0.4559532904838438,-0.4332426332863615,0.5414960886531837,0
-17.399742713400457,-13.815278557439314,-1.5834513977839562,-0.4835769071851208,-1.0363279869547513,-8.459914572134242e-05,1.6694855838708142,-0.06866983239244412,0.7050099080428738,-0.33771443245476485,0.4715704100470999,0.48988629427568964,1
88.60680781981688,3.8730839247755426,1.5604373469872095,0.173319325710942,-1.4817666102820255,0.3347196534452608,-0.4667773507934554,0.2669705835767257,0.5114270744185292,-0.3949517734056116,0.41844814873366953,-0.560478132616488,1
-12.51465290219565,3.936823405887708,-0.13528226900647278,-1.18044502531868,-0.7206297535515825,0.5211987499643604,0.1290994332658557,0.8001197766981256,1.1467219438718366,0.4878694583040575,-0.01862846128283313,-0.5106092074545883,0
-13.771076106308186,-1.0491133211018706,1.935448804347517,-0.8952682750798389,-0.2298053398712117,0.31174406895893747,0.15821868399769878,-0.6314435396089256,0.03537272268545788,-0.40616391239325267,0.8290935861438258,0.4265529797143509,0
-20.264261907016845,9.27420490785235,2.0278585879210307,-1.1580030723400265,-0.2615719795856799,1.3450100674966134,0.32781634170981966,-0.8734777213243397,0.0837759051703808,-0.17682048777534443,0.20287524014502978,-0.49107294831165516,0
-70.18849261762472,-8.1822217504386,-1.9527477935941118,-1.0823394902450618,1.8125664321669959,0.2628740761774695,-0.8865024055943167,0.3062578036627917,-0.48056257075263487,-0.41735604879577426,-0.12295935140307734,0.25453418385606696,1
30.188721096090035,16.837291102174134,-1.3569576764599864,0.0992763549136968,0.3948286265391552,1.165494047820204,-0.34460745707091767,0.7941826532679075,-0.9838814192220635,0.1207971996339472,0.3579648811355114,-0.015161546131977177,1
106.18752383539908,-4.990395677743564,-1.1247159852198432,-1.5808516438168019,-0.8948203087793472,0.21541077477006276,-0.0348483691864786,0.37491796532959293,-0.3875278127269959,0.1388658448829143,0.44676921596967567,0.004613898493707191,1
-2.77854031697359,18.46759858316784,0.4077041630969971,0.045758663702504254,-1.1097352711061725,0.10638974837044424,-1.2481670161241505,-0.13485928872796088,-0.013072567254721168,0.12149748713353059,1.1521013127158248,0.044454031525190674,0
-20.736514660285764,19.413866641901336,-2.6852193749829443,1.2566569855042498,-0.26552106885319143,0.6544167087995194,1.2008887878628047,0.23304775108478887,-0.7585174544952644,0.6689274575225594,-1.0307452195305735,0.04853709166665188,1
-47.233034397436114,10.657665114010484,1.726093420289064,-1.7626038096400978,0.24575068088531804,-1.9084195626919034,0.6556778748312387,0.6918321391479804,-0.43338403834158523,-0.6372278514139449,0.23155269291022296,0.9346259886389182,0
56.65401934479388,25.519359282434152,1.1165190942375216,1.441732885763268,-2.173559436806699,-0.6643425154748784,0.8530979437744399,-0.4192830111671315,0.10858948101809518,0.01342546692835711,-0.18888530383238322,0.2850601280854419,0
-33.74043221746115,20.009547128021524,0.9360627469620142,0.001244822428943415,-0.8950916182572657,-0.10271884588737157,-0.5772633329651031,-0.5849267733379834,0.6033286772552873,-0.6969917803492843,0.3101434043571554,-0.42173520102563233,0
83.1232702461781,-5.856251550190024,1.1504524079557652,0.8313455333758153,0.3992525100388442,1.3626223757962648,-0.17893082336710464,-0.0013345013381660387,1.0284984952841802,-0.04894426335220414,-0.35961441000691174,0.018728396918896717,1
-17.64689816265468,-18.79069927276555,-1.3904021049781439,0.11910285680137034,1.2532949823801318,-1.2561601311109252,0.6735159700154806,0.2556101327586184,1.1096903826728344,-0.04531506167965649,-0.2896032613156845,-0.19638762374568297,1
-72.69152938143472,-18.10486689641442,0.13031638028379433,0.28998162084143386,-0.8950477981006492,0.25458190661339786,-1.0461044719935828,0.0558303179152142,-0.624634139628975,-0.670742991362528,-0.09427874666840297,-0.3938849695667803,0
-2.7741096014939046,18.48728212215096,-1.2504013532682785,-1.093148976624483,1.4319041992882209,0.24652428543334404,-0.8166751697810581,0.2617490917767851,-0.09175197829847281,-0.3655086781419,-0.5693981896588795,-0.6233043009922552,1
170.5154461260522,-0.18835002860519978,0.8419214891031235,1.2099840583478212,-0.03585413531681603,0.0901079022072322,0.049861252132371636,-0.16680417036370404,0.21646370495718625,-0.14975665437901775,-0.1608391523655599,-0.006947902332607336,0
-49.71462876028906,0.7981364367828263,0.16094178513391544,0.7383386092175748,1.24718143146818,-0.165166977323006,-0.9004438790189235,-0.28908751004338407,0.223728280182516,1.0558984188597145,0.5974656668854803,-0.6554977797540309,0
-49.97210682703667,-24.263981835706304,1.6321753956145426,0.1404255603311646,-0.5115059704619431,-0.5855924476807589,0.7281153260228668,-0.6032529600394144,-0.7986328331402794,0.1855677153917472,-0.5131964979944528,0.532679848208695,0
-70.18744178544722,-8.187532267856724,-0.9276323634169368,-0.2684493663465848,-1.2199349226983913,0.7485275957103248,-0.05935031749750663,1.3368446607677515,1.1701185112320354,-0.4389305520948392,-0.3556779803944625,-0.311815409836222,0
42.26973413938856,-21.85385333387613,0.520329072974929,0.36160573856377276,0.9447719504882877,1.26960814738018,0.5705365890559455,-0.4762248117485841,-0.7178149625810955,-0.26540568405732223,0.022285567851958454,-0.5356911445923167,1
-27.74912389559617,-0.3394980312949798,2.5125025944853836,0.4834555346715561,1.38575775301914,-0.1977537530630813,0.6022763441465774,0.058109539391896836,-0.019402376337659843,-0.23644166073598427,0.19441246834582127,-0.08588131542541189,0
6.216536964929787,-1.9900439599910698,-1.2199269833851867,-0.9165315564560841,-1.018945097619511,0.31626294937626587,0.486922131467919,0.37906348552919017,0.49022287879571835,-0.696035978680585,0.21582021696541753,0.35874707693024044,1
18.905793085330345,-8.610272645640109,-2.540180076466692,-0.3426043688829974,0.9189528136261114,0.19185352622533258,-0.5165931067918306,0.49221774175595695,-0.6606290190432746,-0.3226058331370655,0.03017996723627303,0.1120387470475972,1
-13.267206320304098,8.97309089930144,0.2233082760466618,-1.2403975627603814,-0.5322665150086323,-0.34947573876688126,0.9712861735334894,0.39741550928067576,-0.06948347691151091,0.5872243078488446,-0.07439543774230284,-0.3406190011970922,1
-75.6841835386316,-17.953913347437037,-0.019522088473583388,-0.727203615489129,1.5793380827204984,1.1835510046229343,0.7772267202422527,1.0311462589117466,0.05101407444137984,-0.21528412986888645,-0.5690859905602211,-0.19195541275075012,1
25.942534719129753,-7.9922285800113855,0.1134572927046329,0.9528737918871708,0.8300103260477032,-0.09543889824181362,-0.1520226284740892,-0.3158457110851597,-0.294011550248503,1.2215111859613947,0.5451854413775954,-0.7050089005907294,0
-33.98451697545764,-4.991335051443826,0.20039805294058333,1.5605939000159676,0.6784549940759559,-1.4135002502515563,-0.4444510378007146,0.24476167496313922,-1.6337153863820109,-1.0007592074411553,0.4290883569367441,0.6449811497500704,0
58.14590532644689,-4.6026740281223795,-0.47818779130386657,-1.8924976412825278,-0.4729661840984488,0.4117462573493931,-0.6091087271947568,0.36819670087361184,0.13056611470998636,0.4146080367181664,-0.24637682793465565,0.6965813258879258,1
-69.09214816931504,13.767003417447796,0.555871073961193,0.17736048203395605,1.6157708744353712,0.0756549720893468,-0.922798032719998,-0.8585860391795757,-0.04985279407866683,1.141043653590545,0.3014078143612058,0.7579523272628544,0
-30.825008663485278,-2.105566984134427,-3.114103823727341,0.5343598492089472,0.5729122071640571,-0.08821440133132097,1.4793679448651866,-0.36433307698705353,-0.4498745501898731,0.027779999581498238,0.14748308892135142,0.31883242426988656,1
57.39405831629773,0.4151535774724948,2.027160270874575,-0.2208155468025943,-0.9920094385956777,0.387359187712375,-0.14591465267704729,-0.25158637589882926,0.3070081493992687,0.16797029785737427,-0.11020900277736323,0.12676259621842134,0
-59.20295933786352,-8.733132601356331,-2.0642288966013034,-0.7761052194863673,-0.8466083736346521,0.21995263247830177,-0.24293137490324235,0.4212444461996407,-0.44643045641440837,0.1144728504655812,-0.4450092953063829,-0.5505672314919847,1
35.93772147853656,11.575920628294966,-2.304446485239557,-0.18286386773962038,0.7922070466756743,-0.22269974003855386,0.752285995507429,-0.34825919739348354,0.18364632128633418,-0.24025382966329567,0.23160776043432718,0.20301046906581355,1
-61.196523052335806,11.402064894404674,-0.3169235852008576,0.864194465086721,1.1761993552865904,-0.6943893291947413,-1.0692116106665381,-0.8610213990474032,1.0465588799785879,-0.4801832523048099,0.08118349590454499,-0.4464895482041751,1
-13.76077570274137,19.028168473741317,0.3017499993510304,-0.51423617331594,1.2186786828754772,-0.15953877104232406,0.3826136593211652,0.8167512182581339,0.6774864898024535,-0.750686836493051,-0.46662933961105524,-0.1742971877997932,0
81.1230559822738,34.339537129589615,-1.39260779527668,-1.3797812304328831,1.359991614110599,-0.24742587215933032,-1.203322222875022,-0.047428759722622116,0.6259415005582232,0.16264878657709847,0.43389782642611463,-0.13973373593599714,1
-14.768778544121716,19.059717431864613,0.30121638359667724,-1.2567506501191226,0.08677502037894858,-1.0198618305845812,-1.3917975286847128,-1.7964716058020258,-0.1428588122959773,-0.6093690169000968,0.013542479946235586,-0.6069479091673053,1
23.44060646401209,22.156957874062897,1.1486949199021517,0.3816278071532251,-1.5017101823817263,0.3209139457344643,-0.9177358300085725,-0.18015198029874863,0.5186585085003788,-0.36556544715278516,-0.414005511092139,0.08464877081918609,0
6.970233938773333,-7.0227747404676535,-1.191324133687288,-0.001482241155445596,-1.4878951955785293,0.21558506187489945,1.6951911916932747,0.47324352331765024,0.9973512375753644,0.9446959357312934,0.30569151079764856,-0.4674135433316122,1
19.704400114689463,-12.652502288400456,-3.1013337705193376,-0.351793675822367,-1.4426817774803253,-0.05512759457983718,-0.09843207595702397,0.29448030426297805,-0.7818925821131146,-0.09249305002308272,0.20452983000417668,0.07350249813590182,1
0.2361551625200775,-21.69743529681601,-1.4535560939140741,1.2379968517756927,0.17796931583988862,0.5005548481938984,1.6665686027912348,0.4241559098680976,0.853472390476991,-0.27196430127123317,-0.2078288795690475,-0.2639590113265662,1
-50.71260807333522,-19.210195916751147,0.7263789425611957,0.5776638896717956,1.222241238324239,1.2267579216394502,1.1904994975007213,-0.7236199047072844,0.12367588541970531,-0.11567059795109447,0.0674910662907342,-0.31016923153411335,1
114.58152749080267,22.619558198089436,1.3023910094672497,0.9529547467918824,0.11252912797848358,0.5102872885862451,-0.8316195798227093,0.13525996415997898,0.36683080769122456,-0.4402581616743544,-0.4311405106261098,-0.004392184257343779,0
10.968850791126386,-7.200719385933041,-2.302883389279439,-0.23285593077321742,1.044339848985666,-0.26930067725404805,0.005294036642124689,0.09841164910452577,0.7245475404216198,-0.3478439832464387,0.19501618981337754,0.25003825359485043,1
61.64720711201795,5.2355790356158,0.45839967181113783,0.6769863578750552,0.6682805074094913,0.1163841048348242,-0.21879616047199724,-0.7681921058047201,-0.7638473878709826,-0.5166325710164104,-0.7224179617536729,0.11359587914156277,0
-1.7799504240880708,-1.6241096919695934,2.005520869458454,0.5680094195575203,1.3007543502612149,-0.5003856144015457,0.07466926578308625,0.08933049801846743,0.04827596032340975,0.4919862867161282,0.42802615345070705,-0.3060985887685326,0
24.19461675515271,17.13507068261353,-1.0819213352653614,-0.32181812646614927,0.48930659520767716,1.3159061010529478,-0.7436668354978013,1.5179112127394199,-0.5062646180701651,-0.8856528436391873,-0.019406431258368384,0.16636890453011133,1
-40.02440539829453,-25.717256346345337,-0.9979309618433301,-0.16930379724513234,1.8944211764471137,0.0003037368511243921,-1.1264237031039592,-1.3425774112367337,0.3413620171298315,-0.5274597719115864,0.5035018910843594,0.17352418242093004,0
17.203340565190558,-2.563104022616969,0.3465444018275221,0.5773070757808068,0.7936314063243319,1.266587390666969,-0.9206531329184429,-0.24701728261193956,0.02675993040296465,0.5799122728274901,-0.43198022190912777,-0.14301630085706285,0
74.61962138323514,4.542369083742557,2.6172044456534365,-0.495480851838243,1.4701913689116006,0.6771405375887458,0.437544101362091,-0.3340555033707737,-0.5009463301162618,-0.25898011458016057,0.18721237434293547,-0.4255141319351756,0
29.68829923286512,46.92008594794342,-0.24355547597231197,-0.10691852508880673,0.5637085707087448,-0.07589283122089396,-0.37992068465235007,1.2158344571391293,0.8313024223213809,0.006258197089929918,0.6722412011803407,0.2146718993539497,1
77.61594144507865,-15.614226004400408,2.215734963886629,-0.22563620016420627,-0.7880026216614372,-0.7372583854240345,-0.09468332346229713,0.08415629901276145,0.017523607256933804,-0.35613684767763554,0.3697440801232623,-0.3050949534564411,0
-11.269511817175925,8.844729417103338,2.1687123985031556,0.13453849164904375,1.3108766830524148,0.7458149198014525,0.43494463654106474,-0.19795192265191125,-0.05515778271187033,-0.26454558185178045,0.14730968426975277,-0.30841404483080015,0
10.604502640434077,5.756991672453552,1.6002859586695712,0.3919567524475833,0.9730083724167871,0.8069359453779179,-0.13956009827081362,0.13000044579542536,-0.5263347728054146,-0.4047999371189207,0.06602506947005615,-0.4222672707760007,0
-30.83709173298925,-2.158449846520014,-0.007862349368066734,0.8879377933580558,0.44404953356352483,0.8666357505898288,-0.8740114545413511,1.125166713886549,-0.9135771227705693,-0.26337052863850763,-1.0090941964463687,0.20635898855655466,0
-12.360481343486668,6.912881278705555,1.0948372151949513,0.6715656452629677,0.7272818666546068,1.6582761176145588,-0.19369400364959932,-0.20005741940761496,0.37084009074283886,-0.05571797683741053,-0.5630967541634662,0.09741138494092993,0
9.211168611032576,-2.1681606321359084,1.0696860507545196,0.7684225515577632,0.7925559782161813,0.5904313002101023,-0.560828903923092,-0.025981422625383777,-0.2308511924598089,-0.2817587659117933,-0.6467838420088483,0.1951657249599379,0
54.66112953108944,-14.425953016350562,-0.04059403369768866,1.1710614164672664,0.3645696532372975,0.9126455161294487,-0.7864182677797231,0.2515291602754583,1.0683726813954815,0.2641693519871642,0.4243183316981034,-0.7509276085386407,0
-81.15835924339541,32.487913961017256,-4.038671200926222,0.09211818858628251,1.2789913923548528,-1.7881701255206397,0.6684126813239533,-2.466458635252126,0.9465435830422935,0.14652737633014,-1.1803381332209608,0.1237286005459226,1
-15.751492981280904,-0.8691344380997208,-1.9516818360426123,0.09042175282185205,-1.3142632096530247,-1.1947275967675552,1.7474287744740158,-0.29518907416637863,-0.11718758469977941,0.3449090490166915,-0.16212086620177302,-0.29556143172052884,0
-106.74987471736983,-18.4165953092228,1.168805898219142,-0.27170077585004293,-0.07216984585992703,-0.07704329497330087,-0.18555282957049624,-0.8790317671977481,0.46749667881433066,0.7997965408472227,-0.3422526412717818,0.3052033122023471,0
5.470374804861933,3.036461297149387,1.39198924004257,1.4349638520944685,0.3633075570751054,0.6440816773801117,-0.07633275346731117,0.282184779872844,1.0583713185309473,-0.046691893289508624,-0.369576106318269,0.2758733575590354,0
8.109466687529903,-4.11481731094031,-0.11961802155510437,-1.2643567804200126,-0.8048456119606684,0.876538610725667,1.2181777641864975,0.5863408165360912,0.15429854017836742,-0.16381111429973083,0.3599986192608575,0.40379289699788445,1
-8.756458273913239,-21.24593714662244,-1.963706462027953,0.1550061282644264,0.8379008121428229,0.30816284818380946,0.3829726647847106,0.7855031360026794,0.5350192693820244,0.15010866994852012,0.3138290608934189,0.29804597757919427,1
12.218214814241549,17.76255137339939,-1.70412967046923,0.016782234049202094,0.7745422503915567,-0.15869719147437744,1.0732395484163786,-0.6154977311717772,0.6672410407903908,0.30876849542540774,-0.9670909214630494,0.145749404317304,1
-45.526790841957876,4.56822911491453,1.1793126713696314,0.39237792357928125,-0.9115490480824403,-0.7625777455823597,0.3619850285446966,-0.488881952948358,-0.4754663740520515,-0.4706958465118185,0.13985886116811153,-0.17766863145425793,0
-25.14686164111373,-8.476075534050878,1.450123075451332,0.2829961279008062,1.2695842140702718,1.3472053109268813,0.5654105184302661,-0.37214069107841385,0.8409112046339768,-0.2090934791189658,0.1759959253747656,-0.36901472841539085,0
12.454958242145779,-17.36767552915599,1.5235549455772999,0.022905891962175406,1.3748593952672687,1.265946890587141,0.5343146928353982,-0.40895613356134297,0.5985076472947257,-0.21080521188085788,0.17370766308035535,-0.4115797477192771,0
-65.30638184638687,-10.486040690662065,2.64686159236969,0.43260771823729405,1.7297352618314479,-0.9409767404964458,0.4142308743297517,0.24371557508963831,-1.1862029669050105,-0.29040740653503383,0.012590345307284645,0.08353152488530335,0
56.058392313799686,-6.5054262151976445,0.5609567240566564,1.0583937090465474,0.32177023052569864,1.345746513003819,0.42546086440534725,-0.3833670274257279,0.2052866442678527,0.034558770891245594,-0.4715276863823846,0.052917064794736346,0
17.214502064490944,-22.548350403475922,-0.5331790983323437,2.6559192656934565,-0.4716163252948069,0.42017743502962634,-0.2707379746967935,0.6716873173868452,0.27707335035180614,-0.02196001567813166,-0.32103406818790603,0.173616290581033,0
-59.20129501474793,-8.72580469058893,-2.0117078321865574,-0.46852312961710774,-0.7187989008993128,-1.190455144178764,1.7315862687721673,-0.652010977729219,-0.9689386447329285,0.3006000065036527,-0.37943753873969777,-0.24231233798204688,1
61.03959828749305,-26.778137079302553,0.8585589979779638,-0.8387007647570071,-0.8309528807013407,-0.9865603139250418,0.2922702472324895,1.7205494335238658,0.047073743328523765,-0.27271708450527454,-0.18007144761777916,-0.1285129746535989,0
-69.19085549795622,11.773002803052634,-0.3584543017361912,-0.6535649490515378,-1.0599306697683368,1.019670731256559,1.2509597549173388,0.7051083981160166,0.6994148495509183,-0.16713895776718124,0.3660301518413289,0.4933664027760195,1
-17.85043523131779,-2.7839631459055454,-0.653970071074018,0.36604790975653323,0.7316423410014394,-0.09785022090247342,0.7825042010662047,1.1876144210677082,0.1008605360852386,0.4971378494433578,-0.1834156609595008,-0.3125221403433871,1
12.71163030659801,-12.298017452134673,-2.479581204566157,-1.2226137701596465,-0.5184513767598395,-0.9308283738362297,-0.30783005417624765,-0.5171188501893013,0.9730680935196837,-0.5255162922930396,0.24133012297394218,0.22437907286588366,1
-28.351376671169504,-12.312617624680684,-0.4649119257643206,-2.219325192099989,0.14916354890900707,0.338347122066075,-0.2509499321361798,0.20511490924598036,-0.4479183837467744,0.23734354251373246,-0.3985651189462349,-0.530907804236949,1
60.90192878439768,10.303060818399757,-0.6545660898947805,-0.43645329286344503,0.7332553532717034,0.8012449657418776,-0.4678836560843753,0.9757913053449525,0.7231246301642787,0.3911173813922231,-0.2219598368426654,0.7169552292131893,1
1.9764775557455323,-6.785218871610809,-0.7708875247416291,0.8489507430761944,0.7638564544013011,0.7440446385176542,-0.19516813608394334,-0.650275130679991,-0.002201031164190015,0.1983812206322999,0.9866151982159712,0.04547439273133347,1
-61.30279400875369,-10.641963592095337,1.5813249740598123,0.5958277614771714,1.350492513306526,-1.6014883736190213,0.8534817294123981,1.4942161754166863,0.6417595694655284,0.668241538468948,0.14027278466976956,0.1290237137854925,0
94.20471832523873,-4.3814302647555365,-1.1055049103677186,-1.806958902667511,1.8040121968881992,-0.058686826338761655,-0.8882485891512972,-0.18997588026136575,-0.3293120447068558,-0.0645588547470749,-0.4052997054497589,0.6517290126158987,1
16.204605461552603,-2.4759878840186786,-1.7791745474584943,-0.14932828287693622,-1.538664526823609,-0.41017815962680143,-0.8647401276884545,1.00533805720082,-0.8508636419488074,0.3375758267353193,-1.0095186453969753,0.024107812826964947,1
-43.48710204275963,5.455543843296994,0.9294665041672605,-1.1650325284141896,-0.35721163927877253,-0.49833902485428744,-0.40946650790362504,1.039171540579333,-1.517946121637757,0.4699876743486342,-0.1564278895555833,-0.3442167170467103,0
-35.23267235856488,10.071314251042054,1.3088369308129693,1.2014047412093496,0.6053855561227481,0.7250167955640536,0.05062032038441788,0.3588317125608556,0.5102647193656016,-0.235848674013309,0.36893103847537634,-0.344643293933262,0
-63.30988740323326,9.426011363002658,1.7489515996051321,-1.5678404203055425,0.3116123856207432,0.8680111380217919,0.11709053169618289,-1.8581292378777046,0.146624213123711,-0.22561132860735333,-0.6696165386645849,0.21596744413531166,0
83.13279631842966,-5.7967624739174965,-2.573197456350171,0.5881288825680038,0.05351857827191531,0.1112359378661355,1.7134393878126897,0.06577606906673444,-0.4422290638410362,-0.5935506601071452,0.2947397686585278,0.29073936982945225,1
7.474011305825684,2.9922622493375,-2.467872253964729,0.18804759389811454,0.6545041135496379,-0.2216096785473627,-0.2863557183003146,0.30871745713033755,0.6692672694337123,-0.3511713167983964,-0.44682601789496124,-0.5653040670227543,1
9.215315533001558,-2.1502832023429477,-0.8413856910851789,-0.1752762652507085,0.7488165875620445,1.112959574744785,1.9449137521196562,0.5690137388440325,-0.8107541251705528,-0.01779124218418504,0.3466979790656268,0.40304447880815086,1
161.0351391591683,10.346284867139246,-2.3690620933114057,-0.24865172058812424,0.5758808192548741,-1.0573055016938753,1.289594525712235,-1.4120307994632149,0.4158439150904283,-0.05004778583701164,-0.9482814158092557,-0.02823193644907329,1
-26.24824084885418,-30.427580138837286,-0.052980719835444834,-0.19184414414672002,-0.45525182385818663,-0.3720750663961777,-1.0869505297258555,-0.39159999519822997,-0.013346796001094896,0.00918115621143345,0.8436351291110253,0.23423571836657864,0
-29.240900605962537,9.829865877228315,-3.1963627449940395,-2.149591880152574,0.2016108396022659,-1.44504933167977,-2.23828680337272,-1.0563841145601103,0.4803521908348456,-0.5294516398417919,0.05129694246766148,-0.040508949804062944,1
35.58193276033683,4.567550481299023,1.0683803595183092,1.8440341133217497,0.48231770838239196,-2.043669175980116,0.2756345198012465,0.059880364388382845,0.4563198019901058,0.27824302065443596,0.6982761684242225,-0.22205535751801952,1
-12.765276384444206,-1.074614989869218,1.8884286341067011,0.49008791156702425,1.4057297782419196,-0.5413359063197116,-0.2030673672195077,-0.27598164323856267,-0.13633273875711316,0.6740817368797336,-0.33581012796673626,0.3087453554799421,0
44.672086968377585,66.20793306443164,-2.048890937141944,-0.9844478255754521,1.0472424626213617,-0.29127449229534114,0.022292032940552042,-1.3084525858015938,-0.4938902088431223,0.64469538427123,-0.1729808463544038,0.4757302207419446,1
-8.764008479792238,-21.25165278281675,-2.463546253618365,-1.2855011592964651,-0.4473283526819324,-0.5247406052547697,-0.356473932236428,-0.21211000336201302,0.0970698533715546,-0.3308304361729809,0.1523208319819369,0.21292257272104398,1
-27.255310578233207,-10.38635064488929,2.223851630861079,-0.29492261956895627,-0.41496827574297096,-0.45852137219098743,0.09354448725617892,-0.06842961110348317,-0.40695722898002473,-0.2598854333564966,0.2107787710404081,-0.17085078346910332,0
-38.02914207343147,-5.81747826348608,0.8016398224868566,0.45501727897877275,-1.2552528517709955,1.205746562291297,-0.3084104557220212,-0.26435696739656356,1.2324940897534724,0.014239768071560466,-0.3759126115585295,0.1420049641660428,0
10.71042591891154,-12.229584186529692,-0.2530362989804287,-0.1454980894468314,1.0237113873915589,-0.0549440983590086,-0.035233748337376136,1.536121843896964,0.18598668274838337,0.3694892282294804,-0.20745636227952158,-0.37815291617413505,0
-21.551414087855676,-36.66371934603569,-0.4711169497399652,-0.6555937578962501,-0.7434939769351934,-0.195666990934944,1.084939208349561,1.0488564142184988,-0.05812266449434578,-0.19763598299811524,0.2986675236413461,0.6439976717298286,0
-42.73709132571338,0.38322859604193127,3.2648527017037305,-0.4660367281062363,2.153347264756008,-0.13876357441941034,1.0725362149493682,-0.50345993689287,-0.6154433349358661,-0.11505379140465677,0.11669749906712301,-0.021297157041940906,0
14.702848311363255,7.5560703805332565,1.603100613466085,0.0825658442389221,1.1083301493987456,1.5412846493988601,0.4327243732204492,-0.32367120312363995,0.754082479281103,-0.325546573588851,0.8585369604567772,0.28285329921995483,0
-34.1438511191385,-8.036700548920805,1.5649002500029408,-0.5829755384567605,-0.280528996067648,0.21184978291002332,-0.38938774318182867,-0.6791555991411383,-0.2008269026214018,0.8455286301826459,-0.3000522433066023,0.1279179988047976,0
3.4689767356850325,3.144350516531574,1.098020397628639,0.9546950140237114,0.9932607318369866,-0.8632212824930449,-0.7869556706584764,-0.2105967449286531,0.23778381609226917,0.3255523924207051,-0.37420383508794774,0.23679809777346816,0
-71.93312571821065,16.964783686646882,-2.3657688273418596,-0.6910941687601582,-0.879173834651229,-0.23273856843641205,-1.431541996729341,0.45978334789919134,1.3175058482813347,0.4045404297931585,0.500651455261907,0.036048439710393954,1
33.687082684113136,-13.3426508717466,-1.7567604258696503,0.9067236708529851,0.2750670182016953,-1.2793292690867026,-0.5699001087880555,1.7018634714747718,-0.9626776495538709,-0.09669863443571303,-0.41269883892155246,-0.38146993387260975,1
-49.22609188761089,-9.267306649191227,-0.8516187612705195,-2.515486816387366,0.3692015270830019,0.38034749126652545,-0.5466524039900469,0.029947638781790797,-0.9452200714635213,-0.009608475898256641,0.07103679331653034,0.2070418935690076,1
-2.024344355112248,-6.5891011777094235,0.34411111964003016,0.2835295098419224,1.5166770454512544,-0.6520433477797729,-0.6239074469819093,-0.8675476947187273,0.6217076356245395,-0.07886496061666648,0.3506803910346925,-0.48915104495461414,0
-25.252452570034876,9.560476322297319,1.7756956131858828,0.3992589031721723,-1.111405446256187,-0.2639066250468882,-0.24972663265785833,0.35766561409957626,0.20271458253896646,-0.43543921885753756,0.9399390140890418,0.5146505487124076,0
43.16343969405517,36.20795884410586,1.551741261549307,0.12891510865583444,0.6725202381986479,-1.2706773888900242,0.12981247824140074,2.0522368194317218,-0.2550536718532439,0.4000940028658382,0.010121616768651531,-0.20134341645958687,1
-41.83400796406622,-1.6343565376908344,2.319177063399865,0.14108721108802813,-0.6531519933543635,-0.52118949785953,0.3889710191505932,0.012940225827289709,0.45434454179424,-0.06574571164876031,0.5419377290538323,-0.13448282656202726,0
61.894911612047906,-9.764930555341422,-1.1063812029861835,-0.9523772759598919,-0.9530633624437017,-0.838499764046817,-0.998309275663138,1.0645795590825267,0.5083336489126167,-0.19918762984648564,0.4486883563624562,0.20725399158810554,1
-8.011825950920723,-26.299203957654854,-0.7491874175479905,0.11434395387511787,1.0402476623761792,-0.24574039266836012,-0.002530194966601451,1.576563766408672,0.7765929693940513,0.25728797556702454,0.44125613824067833,0.46158262609488043,0
-4.879476837632836,-23.512486111731704,1.2386343041525212,-0.2505118747538946,-0.6536471689538935,0.29618493296868054,-0.3261017975768997,-0.05533802920851699,-0.3424788753945689,-0.34030590218046375,0.13635255689318582,-0.38643608094410165,1
43.92478369259197,31.184208044337396,-1.86345830755198,0.28228579295617306,0.13397715242333708,0.6452722172344632,1.615115046762061,0.052705737335223046,-1.3348544786020797,0.5498513998276569,-0.13361861218456217,-0.6827988913055787,1
2.3081825602116055,-19.88097409383745,2.082695424069677,-0.8306205308041823,-0.19162253295010118,0.2288970987704464,0.3127473867481737,-0.4964081658911357,-0.06338172553764698,-0.1830115764372937,0.2320227605282672,-0.30893822562059614,0
61.03936768539006,-6.776483208288724,2.3216623407227917,0.3416987207209732,1.1273930383577846,-0.22871369586903534,0.10731419961774791,0.29116171188569945,-0.5918193688315867,-0.35426072179760504,0.18541372321781324,-0.27335326093664736,0
69.73704593328523,-33.221730853228166,0.72990029022231,0.6914965906885007,-1.452687745621493,-0.032317914992707086,0.26192382808335013,-0.24194258241127087,0.3416895779021225,0.08516492935972853,-0.2975589531436793,0.20493884690431785,0
52.24480332999673,17.720746883924562,1.78706589724684,-1.3920468479945567,-0.3267148896679184,-2.2167959412521614,0.34016211675842145,1.014492198776677,0.11647641940384013,0.4405870860393044,0.26562347373721273,-0.15799971144390423,0
16.801941202418902,-30.584713027090345,-0.23702979201904073,0.20689486817188896,1.195458778191645,1.1078830414060603,-1.3052526779042988,-0.33014140628563626,-1.0036180967091224,0.4544831336189894,-0.6731764623487497,-0.1601108977472916,0
316.08362789874116,-32.468734179198535,-0.02418458023694603,-0.5767062825169222,0.49818842741741665,-1.0713708560348105,-0.5789171367816677,1.2245056725456305,1.1399205382408866,0.29218797960690845,-0.5228901970733424,-0.11479616006814419,0
43.66994617339333,26.171872884787604,-0.6810984508042788,-0.6251193696695372,0.7971657317144376,0.9211118486889718,0.5109679827064114,0.6280121686803564,-0.24001895120454808,0.26043075767773494,0.3912668723082453,0.11290781844506492,1
-1.2643594289091311,-11.5994153918421,-2.6779841676720255,1.3860706070858364,0.3749410241016824,0.2793237468530996,-1.8191697409845187,-0.4729828012906897,-0.47879359444944125,0.3292373698576625,0.7518864254768278,-0.2368931711187372,1
75.1453396038475,-5.3944429638348055,-2.7808958596576785,2.0804035488562374,-0.3847759064359966,-0.030843707819822264,0.09198904008954373,-1.2015453259934836,-0.5947247350370786,-0.22393884408571585,0.0864653798092152,-0.8425303341403807,1
52.65025614282018,5.676764464184288,0.3087101779166539,-2.2185359059037655,-0.2266479625559329,0.300980339827535,0.3640389687765636,0.10236895357967707,0.8924281758380613,-0.7089091070791559,0.30986071964888984,0.3439903349855804,1
52.91443700727632,-9.330823785212928,-0.5455731067342504,0.2705090358862239,0.4322353076553833,0.7550665565428873,2.258043881446037,0.6343589377439165,0.45344525985084494,0.0034029867360946264,-0.2186740367836304,-0.28901356532564737,1
46.67267240489252,6.014766833046124,-1.0529324943093148,0.024477974477737918,0.6743494243136972,0.17575089671831934,1.7331745708281692,0.05433272466514266,0.7092707303237356,0.4761303747073755,-0.08046098046381456,-0.4623035748876516,1
29.58952014458714,-15.160407477726551,-0.7987295277794744,-0.0312800693088604,-1.4405694645228535,-0.6630352275672504,0.6508214943648274,1.033637983029126,0.9578185143419017,-0.4953832127171645,-0.2114315627166099,-0.22212437286953501,0
-51.17140764301763,-28.185047529056703,0.6918780531426592,-0.8384013219713962,-0.3852038913182715,-0.8839509392550757,0.5479919475823043,1.5156071258552364,-0.22532657550233726,-0.0768152762618558,-0.1624606880146946,0.019400617127700803,0
56.92050187092309,-9.507580065358383,-1.1187947576942288,2.6962003621006954,-0.778761939030532,0.9357940923608734,1.86550342908756,-0.38317221047707994,0.8189236091279073,-0.17722217772429616,1.0125983608203328,0.27571659949434524,1
-33.73690934734964,-20.036917491991034,0.3542740287080406,-0.0050185877176960325,-0.5103722831687797,-0.5631195448458591,-0.9350879906980822,-0.840959971773767,0.7147694247637204,0.3641338922219166,-0.36572283638968106,0.1508173159195192,0
-0.2686213975435692,-31.70301133579629,-0.9989529024277495,1.203961175013666,0.6077912714587557,0.8086231048466519,-1.5283736470523932,-0.04281072121343743,0.19176452230774643,0.2934364478652003,-0.5768122600835143,-0.1176381545837819,0
7.908167949539177,-8.122888026893747,1.1390879404662124,0.14791292478058216,-0.9470552362881541,0.060461726510200764,1.7111816070674621,-1.0112575712975527,-0.5362308642721314,0.14752599535220856,0.4828585915380963,-0.316389707062916,0
-39.63083231797944,2.278046860081389,0.19785713326251653,-1.1580528995060615,-0.737755426588619,1.0054459412096,0.617677659715501,0.9962279467547328,1.0915192737863388,-0.25009210900545886,0.40002139503093614,0.4603593356637088,0
-23.35530678404399,7.450680596445494,1.5726014301225737,-0.004008756313263362,-0.9125090120146391,0.4006628477260801,0.5171117462267578,-0.4458741817603681,-0.0006080726957025107,-0.19588317089581175,0.2684746594943974,-0.3426938088859204,0
41.27306086866963,-1.7566969847150204,1.29527811343034,1.3402755658850807,0.4350928597791539,-0.1513633371058687,0.4189453632710266,0.15546657973517114,-0.6605860571868565,0.05230044254220956,0.34012436784237887,1.0812398946191235,0
34.97211566144847,-7.478273272585156,0.5598927335502486,-1.7112417885575562,1.732564748397972,1.3593151396812817,0.6163804264480128,0.8723936101559581,-0.8108183578740848,-0.3313807993146516,0.0810841513088345,0.35159708958837865,1
-87.57587649266233,-15.368030355923509,1.0867243566273372,0.25419768029729317,-0.5856200857806919,-0.4309668235169226,-0.9228312011068256,0.04096231604614842,-0.9406810423407022,0.7499787622653682,-0.43503846114608635,0.2716151903121419,0
23.695817532658054,27.206889736733018,-2.0582770277394613,-0.4917527758269362,-1.395992235248456,-0.9950487711358686,-0.9027828043463797,0.43971753868660307,0.0425245948515629,-0.5368236994133859,0.284054475224516,0.1563560329772733,1
-20.151453139959415,11.328459971923252,-0.875271101028795,-0.27376233945292294,0.6037222832696065,1.6765383611789755,-0.48408441483642606,1.7313808522351226,-0.8443287502329184,-0.6181512611191023,-0.03487691670906923,0.2358964075458665,0
4.411299330020313,42.113365043888194,1.0519958026702079,-0.3432886175425447,-1.2660844529783222,1.6619526575625434,-1.0657635171846167,-0.40226763920857755,-0.03325342534776876,0.6407172208183654,0.39160656179202635,0.4803523660034583,1
147.54228105597355,0.9515012960839897,0.5661691031555862,0.3698248860090638,0.5475692181179992,0.7219751683793392,-1.0072931783416375,-0.4648338655542278,0.8262514915164688,0.35459126580197164,-0.22861615511289113,-0.2845765858378344,0
-33.97343223920922,15.0658679239977,-2.209224365191978,0.8591289115552391,0.3588244293543965,0.2159705875388096,0.6165736969432855,-0.17306077150623278,0.16525331498190066,0.013377731079288857,-0.26670688386253716,-0.5362380018225386,1
28.285013432274013,18.932357805235796,-2.000926524022219,-1.0841980240047697,-1.3226005344719725,0.7164552314439678,-0.9294442732561057,0.7501224963854205,-1.4513529677638917,-0.09289928278659632,0.16909356598863368,-0.09360330477136869,1
-14.854792635798333,-22.97146925886088,-1.516121900777446,-0.22251962897330357,-1.2675348349849465,0.4073203733728452,2.540677259479422,0.022295424996008395,-0.6554609094126609,0.21614565848211065,-0.16563338131137084,-0.27761308535672313,0
-62.59132947949945,3.470774175390872,-2.554992472472376,0.3052518379906013,0.7873610789070797,0.48786907358256926,-0.6913913029447594,0.2490157812949794,-0.6211707140113383,-0.3313850075348518,0.08806420629087208,0.14770088179850704,1
68.1281764098,-5.125651647528386,1.0364176883782732,-1.0030361755656958,-0.3392663952535636,-0.5374541023871352,0.22050575283859541,-1.4920299358173825,-0.6485127077607395,-0.7526177171618156,0.0545382924935498,-0.45399753315878755,0
-0.7700300304311725,-1.654948838198024,0.34941703882583264,1.7120822951680355,0.2990508244263709,0.24705925913670113,2.4970322134449647,-0.9038116062787434,-0.659994503589822,0.1718719735576193,0.40075178332868044,-0.2513212343478386,0
26.888277857323317,-9.04839282211833,0.031133577999066464,-0.9853527382362042,1.4594736684235912,0.6896742321611944,0.42450812373221813,0.834621789815281,0.5451617139844902,0.47547165703375405,-0.17777326632465296,-0.48841509389867577,1
162.2284157125444,-5.763379000656911,-1.4420205541359596,-0.5898618391320987,0.7083787404658772,-0.019901828986247483,0.8857039255034529,-0.23843046026708936,-0.14512244433907684,0.37619248870896693,-0.23726741944039742,0.6822109498484672,1
-1.8803437957510027,16.403471568088918,2.0053319999293966,0.9113344566086146,1.0663898160671348,-1.3814272816145903,1.695711132271339,-0.7347327623224695,-1.4687330293352878,-0.3248719441211446,0.10670965582478287,0.014335643349962846,0
25.588178230918516,45.137188912825536,-0.3124910696931624,-0.5358051986564278,1.458835064755783,-3.0402105826496046,-1.2124449332118767,0.3902663886931906,0.14038819640647993,-0.02058121854175521,-0.20530122109130033,-0.3610237326491532,0
59.54975627392014,23.349191874614036,1.3984647027581572,0.6798837648507039,0.3309594784301908,1.7101519329982255,-0.31932693051482197,-0.07095381626705316,0.5624780158819527,-0.09703051185520462,-0.42314676133519236,-0.04278137538144944,1
-51.211621722505186,10.873113165197822,1.2635195771378829,1.4663234567476857,-1.6347601574597939,-0.5898350964690595,1.4989249361578378,-0.590871608629215,0.3261520774882283,0.2809518019676376,-0.2377376276871448,0.5380985817291012,0
-7.278755742544746,-11.358536555627381,0.9508456538745342,-2.1573814781521055,0.46616799822160293,-0.8438727938435765,0.7370221319916074,0.18080697307148236,0.7922275192997067,1.5979619472734274,0.4214099267890792,-0.40162835186435686,0
0.7239755547554694,28.330272725856958,-1.0119445926067843,0.8974526578396895,-2.15640238934541,-0.6877095769155838,1.2302434579613597,0.7026353942200851,-1.5914665454579358,0.5749970228985963,0.6807409127617143,0.34568605825447885,1
39.26748141920581,58.408418319780935,2.2899930383180904,-0.38134000560461545,0.7940915096435892,-0.21285839611151325,2.028446993640966,0.9821969069027807,0.07841990633786233,-0.05156863418227853,-0.07668995671072709,-0.07525647623610854,1
7.727823132899516,7.994809636962827,-2.276447422670518,1.2822060241158248,0.05901104643701216,-1.0064406183156152,1.7290849005539026,0.12380078559189184,0.24609780465202769,0.18716998896682946,-0.20640604528154838,-0.30519936027052297,1
-50.77229442168425,-0.1937229895969068,1.5718023771785141,-0.12724508478335395,-0.7027462398072984,0.46838212003283797,-0.06975602550228466,-0.17187038957072392,0.0702063019893342,-0.290487666902842,0.18907321006688482,-0.3272391109466699,0
51.66131659441038,5.7760435950920765,-3.1259864975018745,-1.5282025966856374,-0.588183564587465,-1.0946994729910755,0.742970938935394,-1.6773442433653667,-1.012913296804029,-0.5543529291778162,0.044929790574240736,0.1184842113006297,1
0.32083324853252293,0.28704351741737355,-0.5097681081533612,-0.9268680028062055,1.3179763157432816,1.1273648183979643,0.5866731282666677,0.8450202113085095,-0.8134000213721113,0.6224215171958516,0.4774880882162458,0.18417341698518397,1
47.570548902648056,3.9646953332399875,-2.052541636075243,0.9048326602393353,-1.9089026402988143,0.16578703298842767,0.04596825673510735,-1.699491208974628,-1.2641105931171648,0.46289341165357034,-0.3358258799788002,-0.2909618253093138,1
-36.22166323760118,-9.86109091384617,-1.0593879390884744,2.0053363065176684,0.17559360566255067,-0.03906257799501711,-1.8694591437312487,0.3047199779314143,0.3804679331880394,0.05306119382428687,-0.569592294721674,0.018833149820407735,0
50.674755789971584,-34.22509486632063,-2.0855957833212657,1.975778463936829,-0.09029194686153064,0.5005087251128912,-0.011083125485825907,-0.30917297664221055,-0.0697525369483416,0.13056576021959043,0.8594835229581181,0.01983956727367464,1
-11.260214217030693,28.9307323665916,0.7338183944806818,2.5461773589367658,-0.30341021880665875,-1.012609718698879,-0.3868368350338649,1.0279869314979788,-0.7757953329497478,0.4261340839795622,0.5902285186296274,-0.37834561692031143,0
-10.365926839726342,6.808432989737128,0.7812176654314738,0.0037086329825868347,1.2159558382719362,1.5650908091671938,-0.6351754859771159,-0.4906429777162977,-0.3792321048028733,0.6232879315975435,0.15205293334528758,0.6522738768649652,0
-3.2801203069765563,-11.56286798206655,1.5862819642212593,-0.04389382051730184,-0.6128147875702117,-0.8982749901895937,-0.5183667747916505,-0.4345592819334083,-0.002850855301535171,-0.33689140946651064,-0.5182650051856049,0.3962680798276096,0
27.683359124709227,26.95392881963963,1.7193682440678741,1.583960280439838,0.08708793702181306,-0.5732276199695212,-1.0015051244957303,1.2772207750902995,-1.3588085840517992,-0.665407749406973,0.07898834744577132,-0.31270889645818367,1
6.217549701408984,-22.04842743864873,0.7812024620976463,0.6455354150367301,0.896896986538539,1.3957986673903409,-0.20347578866330296,-0.15891633877451355,0.33727117267082307,-0.04270170490073122,-0.5889159987638672,0.13021911549681575,0
80.61662267329723,44.312395338181716,1.6258903114078502,-0.34006041015485233,-1.6003434396382696,1.733647921376328,-0.7121547894165121,-0.28676908561631365,0.3732508083737067,-0.18390614425011553,0.33111148736694807,0.560604414857349,0
-119.63083599457747,24.30651145692545,0.39743691822554084,-0.3806582642420071,-0.9008427642324974,0.11215439951481498,1.6136606121293549,0.7042292276648043,0.6733861144321214,0.05419743182088843,-0.052057510663719775,-0.040517903331661165,0
66.63730547408676,4.993088935835644,0.17627207509066967,-0.5480536626321848,-1.5276107565690342,0.16760039670410454,-0.4610691286285237,1.5584477121519427,0.2063793364736668,-0.16081043706017384,-0.8984184027256757,0.18106181794858434,0
-36.739166980170154,-19.91227300326149,0.3251968415600843,-1.7189588732660683,-0.18979050198243913,0.8478190137948742,0.6634317891868333,0.7317956343747948,0.20582407183798246,-0.14665466284912054,-0.3853770939174588,-0.27521222433081727,0
62.747433376601066,7.186620852841628,-1.0674813219461106,-0.44047068107139453,0.7257455204530507,0.9161173208682949,2.3031301277628757,0.009095119988785483,-1.609949117759415,0.7792983114604488,0.3983543240302314,0.18169515926073743,1
12.1188761721898,-4.2502050039782375,-2.8945590669219614,-0.05148188720814639,0.8769952599249966,-0.3672141196478777,0.4972515276258811,-0.3133300980549466,-0.048610685609542514,-0.3440993967235435,0.10464617708674306,0.23238544015840235,1
-46.019663280839325,14.629444165869899,-1.0364457734330246,-0.6954128639765449,1.1787962713209537,1.0780158406137488,-0.5289720475354942,1.0292279404837583,-0.4057413384702193,0.05462495649936483,0.14783393920482202,0.1736583416624966,1
15.195085076274722,-2.478642487177268,1.8208346599749974,0.23571984416556635,-1.065653709062557,-0.41542889175158443,-0.38801120422037905,0.3577682003335965,-0.23987111306832065,-0.38617881355920136,0.2735073735192739,-0.303425392747646,0
-1.775912364999698,18.415555740448355,0.2735327587023302,-0.24198385390598443,-0.9736816536666278,0.744625082076519,-1.1326275896462585,-0.9161225193677791,0.9434971321898569,0.2856570569334562,0.33788506322240663,0.6025492284791398,1
-32.248945612211344,-10.15003764652434,2.122766647368914,-0.8588094438376481,-0.1529174688057095,0.49538794015353216,0.06368663362849092,-0.7224376079977979,-0.5201354420270716,0.10160267568325487,-0.5442831414053312,0.30097394238359243,0
-16.269077349130328,-10.887528506977716,0.5695165032638498,-2.341859005372293,0.9814589716916098,-3.3862886719916605,-0.0010963778390049583,-0.40274855753709915,0.13795317722639888,-0.47583948397864684,0.2720093578538614,0.8188777723047194,1
-32.7410333280595,-0.07268159266106977,0.8725120340490831,-0.23841706657662076,1.901220195749977,-0.30845179096267206,-0.42341363341415916,-1.0547701534321814,-0.03950829305902137,-0.0588164193776608,0.08669082325307764,-0.4374414170379626,0
-16.35316821917553,47.20366758864196,-0.709899609391673,-0.5342970585274516,-1.4053508391210623,0.5614033876527695,1.419102957004888,-0.2599876626191763,0.7389497119276456,0.925573985323203,0.1815064223367564,0.8223500510424471,1
-17.65753469695443,-18.859827179799012,0.47095400080490313,0.07447050982649994,-0.9666157036175328,0.9772737731013106,0.588224536453689,-0.6721640755521187,0.13603040900128294,-0.1704003000163299,0.19585496929201351,-0.4605751214386604,1
-54.208295274391844,-8.963282497616163,0.03363680206337527,0.3902426127434462,1.3488294286848352,-2.377132950301153,-0.013562412199236151,1.3969193495509387,0.5531276243708272,-0.03598420236189204,-0.2576121508410185,0.0800469032914084,0
-43.979905842749105,-24.560947309411702,1.9734413516166485,0.10091122003894437,-0.5038678614104635,-0.5398976877872191,0.005776259993975241,-0.1337038544454175,-0.013014936448997316,0.07306961591812522,-0.44313347000661807,0.5112204633698081,0
-3.3744731216212642,6.458733053552422,0.8393478239280694,0.07327908190154986,1.128950782913368,1.6365848555215652,-0.6120659607951959,-0.3765585697604543,-0.3647816019340693,0.6785156263401564,0.18559523991360383,0.6407442719974386,0
56.15887123352206,-4.4790160876777065,-1.5062418755271811,0.6169539039586938,-1.6347846530975472,0.06582532479357472,-0.46459091672124153,-1.463594176807174,-0.26389400319545087,0.25277107558066847,-0.43185760246365434,-0.23115812022752347,0
24.593660828867257,5.071832065384285,1.3904626385913628,0.6777769834586409,0.6889976253996508,1.3810695920079534,0.31478181002865113,-0.07270159774534568,1.240690760152545,-0.28156133376558046,0.30560645007891707,-0.48485634631248753,0
20.294504542729555,-20.762378698853297,1.6636019888057003,0.10700078260552637,1.3855604921168443,0.6657463130941583,0.07015949128841292,-0.21988768941867132,-0.3134620934913015,-0.06453538511822954,0.046003388298002656,1.0432548273161388,0
19.101824968000813,-24.686074699001438,1.19948605725921,1.0718292537120921,0.7582260082466081,0.4650817369889009,-0.10774127799400657,0.18666985365750405,0.5178918574158253,-0.036870929267001085,-0.4763126583368952,0.2950334293747976,0
-49.52354790633714,-35.30985677225776,1.7799840882220193,-0.5194243855522289,-0.09020740063644828,0.2001265108243,0.2589262478086588,-0.653572679878596,0.10198711377183356,0.16042413812303002,-0.5014704697106681,0.42001865755156886,0
34.831032139363174,-10.418408909341096,-2.863953420461088,-0.995324529636777,-1.0718364780332486,-0.03879247944659425,-0.15190182941706343,-0.013055981105482839,-1.50541685804138,-0.1522680731178241,0.09600374234977616,0.02728350811111735,1
21.10522089831744,-24.75575081483693,-1.0188291586644955,0.5227664944799555,-1.1248043581234977,-0.17492148804831764,0.5859456460773033,-1.7553319860756202,1.0802060441818053,0.49430357290080806,0.40294616279002793,0.7892468371737145,1
-37.344614415769115,-11.895639284393312,2.7630201191061894,-0.9944434383156076,0.271646301944655,-0.7405532660057087,0.41087847434864744,-1.0068260964841835,-0.2596735822559111,-0.0027778368557938027,-0.5013132150482245,0.5469705821615661,0
-43.62934485580254,-17.57208939639517,0.5888605364906287,-0.36345936055719386,-0.6581143428529341,1.2059596761409257,-0.4766162220204606,-0.3355551536525353,-0.22997502198934727,-0.38802414660604534,0.024317388509281557,-0.5195278097511935,0
31.283663323562905,18.760312012493813,1.4313822571035746,0.8004779742481691,-1.7378274121192068,0.37482953275907116,0.49043535421687384,-0.368000382756165,0.7963197358092938,0.11263427690269023,-0.18652828402137045,0.19275449323157867,0
-41.71861165072349,-19.62939451277383,-1.3628870618117674,1.3723991068258674,0.39863521466110186,1.399094521224597,-0.7234023159984215,0.16238937043475238,-1.117920339504972,0.24501314707087518,0.6491809075285913,0.016220843949178,1
-35.621014679981585,-17.9184092561497,-1.050247564442117,2.0017816815505074,-0.04205927920680508,1.343501445179951,-0.10328974808117886,0.3056787610187505,0.2932263394484036,-0.5427549798513462,0.6506637737849321,0.2584758621740726,1
-50.41404828131547,6.818473807409404,1.3171450053483813,0.8714946288712424,1.0056407551137576,0.5773862394916778,-0.23821170925968227,-0.14313831760879353,0.3892824164556825,0.7999128844090138,-0.31103299437436727,0.17806800612690676,0
82.61623685911314,44.24449763911389,-0.388302425032518,-0.858754347356592,0.10714505935348306,0.44981440103617354,-2.30379797751402,-1.5254393249451854,-0.5476020265758068,-0.5556804656364428,-0.07854999129311002,0.31451429464037994,1
-98.2466590638802,-8.791113415495062,-1.2278659689867977,2.013186519908299,0.35193847263050837,0.19439683495724713,1.4013493437184934,-0.9083651867441467,-1.737684515524435,-0.4206305776053768,-0.24132322738623913,-0.23130548680783147,1
21.708394411929078,-12.75455846102183,-0.469088523177448,2.8874466333449726,-0.6432053890691689,-0.2658945408286778,-0.6824885336544078,1.0164806422746593,-0.1604001757257847,-0.40067438090659,0.09129210662534404,1.0316557889607605,0
-44.227623027083865,30.522659527993028,1.5994647661579298,0.26034251540130215,-1.2126494234260807,0.6869470439193348,0.504606010658261,-0.7023229633763983,-0.23374631595907247,0.1158295338625972,-0.4187680388857865,0.2402551375850468,0
38.783514228745446,-11.60826112920472,-2.349204369107725,0.713370516543882,0.7933470770457074,-0.12677306525083343,-0.5311094841803736,-1.6455661531320156,-0.8907436663730488,-0.5745316321672578,0.47937247662939697,-0.02966190990156181,1
36.181342351805995,-3.466914918357787,-2.180172288504996,-0.5463673043983082,0.9637535001948381,0.40456217514298487,-1.5061517517497696,1.1467723925164002,-0.5168323476328962,0.6859279099650373,0.5126197703428643,-0.16550917200277437,1
1.7199423761699961,-11.796354695895005,-0.392046242293945,-0.8312637267028162,1.3185490800566604,0.879874699028862,0.17837749426789906,0.9527107919853998,-0.06775134919871428,-0.5657131052712838,-0.5983598713800299,-0.3649611373603019,1
24.382075430027555,1.0605089728454118,2.1103826467000144,-0.2131357171369288,-0.7031706310574904,-0.504772871326326,-0.5612408134943245,-0.13087826887620124,-0.4242493958477058,0.8294854241945859,-0.16462174925476458,0.15386253067561573,0
47.649117020519384,-14.133408360983537,2.333990258653858,-0.6437209379086248,-0.45658828965867915,-0.4846464301659689,-0.13952858181682282,-0.02742949555224422,-0.9002640653948668,-0.3136713817389587,0.21560933195342535,-0.30783307350350486,0
-12.773897561562421,-21.12320742835108,1.8541559952520905,-0.3572135774142431,-0.414644774389773,-0.4569428359244525,-0.2605140537586471,0.052877606008280176,-1.0106167913164708,-0.33986805870452186,0.10204164560462758,-0.23323670344214587,0
58.935580834004725,-8.692463093450769,2.5758369569521773,-0.6936649208979639,-0.4972574850672095,-0.36618687746171147,-0.24980397418567024,-0.24331876741441316,-0.959723303692821,0.005906088299261647,-0.4399841642384681,0.2806816267890575,0
22.188171509159588,-2.8435731207347885,1.5017842067841771,-0.6110992409257021,-0.7633955168908418,1.2971072759791715,-0.242293216835617,-0.6383846839624945,0.19906119066645167,0.03530035575386803,-0.4414470978482694,0.035354536172282014,0
-12.561774799577364,2.965476013650928,-0.1849251673731671,1.0815724724064837,-1.1691727515049892,-2.7185808828590328,0.07239027005925797,-1.0050671602268755,-0.5601997734642015,-0.16802275256623855,0.27950056498515896,-0.2286953667353886,1
-69.19136839364748,-8.252767189941792,-0.2966397170103119,1.1436904353484039,-1.714927123936113,0.7349944031628297,-1.6788415057347716,0.648130542204272,-0.9160134206753834,-0.20642240404609757,-0.5645930560386655,0.06899545855476763,0
-10.262214727416335,-11.178155767626663,-1.88555114755084,0.8635147685766977,-1.8399555689398759,0.884930859794617,-2.705029266099756,0.43537855501630746,-0.7596709078650412,-0.26087097687703664,0.011365722062773198,-0.9896099991194245,1
-14.25709455702804,-31.014412991490204,-0.8252925753659708,-0.48208990545568553,-1.0408453741737163,0.4791509326310428,1.113881380815851,0.8424937034891131,0.7752238271029518,-0.12897445440414013,-0.26264263155875356,-0.26204376568569265,1
27.191870061323698,-23.077995782351508,-1.0903645128969766,0.46910938457544904,0.9155096357889563,0.8863969313549114,-0.711627489145102,-0.530696922934541,-1.2551009377757607,0.0041398711232181196,0.6075632912669136,-0.037213341173591985,1
-34.98301452453035,-4.951396972958591,-0.7704468122862818,-0.8877744212388226,-0.7472692290372074,0.22115482011712018,2.0256734896887045,-0.2887871927328435,0.3515542280481072,-0.20632328113014342,-0.343278342408571,-0.20853608336559715,1
-38.826418104729726,-1.7486019143003944,0.8393439433304266,1.9528242245751681,0.23343266583330247,-0.10688544687037937,-0.5525820957132432,1.0544732822628535,-0.08317208303519741,-0.396682166318298,0.28822022752526455,-0.25611456172408587,0
-46.718399307330316,-19.370423053791995,-1.5915889361135682,-0.7971512917623522,-0.6440030978630529,0.2517110775706206,-1.0096935960722275,0.44678090849165686,0.415167525487232,-0.08673338851889778,0.38239156454607626,0.17683285447959107,0
-27.942796550153048,15.742893778353874,-2.0804948894065696,-0.9016195406240934,-1.0532931628953928,0.1856760967939607,-0.6129270991978182,0.26465621624043584,-0.5514906934310999,-0.13883235855273346,-0.4689506351797723,-0.6756025839627704,1
16.105193800610493,-4.482012430938838,-1.9387966366992546,-0.35002025601681885,-1.609540310424671,0.788842444136276,-0.4133498203652054,1.2966830779937606,-0.5005219432110097,0.2903949562757624,0.39654409156262993,0.03521478261918287,0
47.66364535977772,-14.100391532335863,1.1469483356145758,0.6461827327945566,0.8688592251149354,0.3640511450019277,-0.4474388786028284,-0.09376403742647005,0.011564502000745325,-0.27292974011624804,-0.5826661805366522,0.1946158195849973,0
55.394092723646,-19.516263876470518,1.228330318899923,-1.4696341694648523,0.08140310237349169,0.27350785804087785,-0.18460650639822596,-1.3381322177771597,0.5502753654519761,0.32118158184269774,0.41226390596355467,-0.6738119398736446,0
-38.23912066570526,-9.838378150533757,1.7931406411494355,-0.6261286251733644,-0.20289259743340587,0.24931897776993073,-0.1605937573682158,-0.6931248541056578,-0.06691065906224236,0.9525973428718069,-0.2528848709190934,0.1652851888007828,0
-24.936230866052824,-24.46581141366252,-0.9793298257875107,1.5332260192878773,-1.9386773268448851,0.7340907065234499,0.6172673461966348,-0.7029681707079775,0.4705231957584981,0.040176815770055496,-0.45712133588249404,0.154591639152046,0
-49.20731247762683,10.810173775883896,-0.7602375395951928,1.9700866224336138,-1.1088363263845586,0.14520607010019393,-1.8930299333648062,0.4367685368458822,0.7328705458450921,0.18134628223165494,-0.4013900793395593,-0.025169816262379907,0
-0.4742218860729679,24.3711066454419,1.1967220316449225,2.0373218262021062,-0.17573791174246384,0.06053217439777003,-0.6661074744265914,1.126627458093081,0.24032386747334988,-0.5701879003140015,0.22834814146769755,-0.33670464041747805,0
13.899215595685575,-8.396161859556727,0.4622718006374229,-0.5741956872447995,-1.022361085903802,-0.8527590350505924,-0.07543683020407899,1.745905834434176,-0.138093936049422,-0.447900667303182,-0.29558120528948306,-0.14936738251949633,1
-5.376707571212506,-13.469108154013355,0.7705097350230803,-0.2165631229022229,-0.6426743074276894,0.0621515966936782,-0.04468799372016319,-0.8809320765825015,-0.9235096169411894,0.8410166192047814,-0.35811633347041094,0.06934231721875261,0
72.43704227028223,0.7004410548330924,0.8997725391366043,1.8851603574448554,-0.06274164018043737,-0.34330323764845655,1.005850713719973,-0.06052998533571452,-0.9677066921753243,0.20200707015222807,-0.24234360956198198,0.28683531722033184,1
-5.777122492105121,18.60807821859177,2.362166345262669,0.5834965176360116,-1.0996898741313779,-1.4677324117515496,-0.40597850801290924,0.023522180972748996,0.3338730874467819,-0.2957722802596986,-0.32981272868916545,0.5140530288772037,0
-21.26143865393817,-10.68861218910827,1.8366136806076514,-0.5668568690035289,-0.40076111672984704,0.36287481228009,0.08995124281875888,-0.3545948464884249,-0.1521895308847787,-0.2434510583268379,0.1884588910482461,-0.32944707875308477,0
-80.2666388384556,10.36820025694135,-2.209684105956001,1.028560402855561,0.8992643743058955,-0.0022204386448180236,-1.1144196884421038,-1.4337331247281675,0.3507346268734792,-0.7651223054856369,0.4534408930054685,0.11323001819452583,1
68.4267575382849,0.876821245411989,-0.4822806704773277,-2.386705703612682,-0.10862890018802307,0.36427368536116744,-1.0653303804712975,-0.16385688170071866,-0.9903829808526972,-0.17718874904559145,0.32063011609760705,-0.05529773976891672,1
-42.82810284448237,-1.5649646625747664,-0.0855303970786978,-0.9942841101983861,-0.38466368902830045,0.5963691468109176,-0.37544663230498654,-0.228085864380849,0.5498299319545363,0.33718544580963083,0.8957975124496933,0.15156822735394582,1
-28.94047819396667,-4.224524094719186,-1.3376962696865469,-0.33434445928352585,-0.8473738303578703,-1.0209374001579714,-0.1732878697093092,0.008478971358209741,0.13610440224781017,0.057064199274310834,0.004922751823799532,-0.44007753044350295,1
-22.662732330715784,21.418211255165147,1.5473335456148773,-2.398526383615134,-0.00696955918871589,1.1536213956452401,1.110738501290967,0.293459082351811,0.17215708008340425,-0.055645487027969565,-0.2808049851733945,-0.31939288149204836,1
-66.70586932128228,1.592039690272287,1.543390335531341,-0.49692164745197176,-0.456622661302702,0.628070862509033,-0.2552488993669991,-0.2822014768251553,-0.7911847631914859,-0.3331960534541566,0.03206542162741455,-0.35994475811071713,0
-39.21950610557201,10.31264169302466,-1.7672988432430516,0.13880608473329836,0.6759972642236187,0.5305271845540904,0.41048905786447776,0.5406185903832441,0.48266668094952747,-0.9421064669094462,-0.003832743521296811,0.42423796476371967,1
-17.249946218522354,29.235308246926422,-0.9487669608178888,0.19351129872330697,0.5844585070740547,0.5868933452936957,-0.6123558439202406,0.45677168721743644,1.0475614208433472,-1.1453108505185037,-0.46389608043404007,-0.47099869686445484,0
64.63814294807446,5.0918771447670395,-1.685565991071479,-1.7766147398233663,-0.6707497057944378,0.09956533406045465,0.46936549862082977,-0.4246147366740153,-1.5359343415995528,0.045439308508085974,0.2139970732249652,0.03254389779349065,1
-98.54584843779512,-14.76561173590467,-1.4318974856152675,1.1921694226504571,-1.430564587275748,0.3962518616095112,-1.7293171308929787,-0.36935932381855696,1.364004457579917,0.17628952733272563,-0.46242876909753194,-0.021236218545022556,0
-42.5263428900771,4.4373737430896085,1.0083245169090302,1.349540299029273,-1.401009233802523,-1.7777144725966225,1.1039412592766222,-0.3959066116602771,-0.5551553475549,-0.3757067452501427,0.253759199164427,0.014138839786550061,1
-17.756917209822802,39.26598180610449,0.9867383502268567,0.6135325962593774,0.5533952216009659,-1.393866668342019,-0.02372617352248718,2.0467411885530113,0.1664164580648435,0.25875252616257827,-0.054687312666560794,-0.1226253930161798,0
31.98963711749019,12.738359079901272,0.5092382132653999,1.7738333625273304,-0.03507997100956517,0.49336723620435374,-0.062481498482501396,0.07527885669612511,0.2506803612222661,0.7928940720585518,-0.18408606022739216,0.01284987784313385,0
-26.35729152066878,7.582865280185786,1.7789573529474123,-0.8767380959750135,-0.29809197637974716,0.545520127241226,-0.6003670653911695,-0.645460810266058,-1.0026721515562125,0.8380976618483049,-0.37614372237911997,0.027135780248076058,0
-13.560999166112936,23.00456734635904,1.59017767492946,1.4836580654765352,0.37336902886997336,-0.06792120534324253,0.6871170240959934,0.1983863735046491,-0.37681479418900476,-0.29898900948286844,0.2102693867316492,-0.21227724765033784,1
-49.71622743970548,0.7795490848264706,-0.08684960376930784,0.20492476604560794,-1.1007884068709068,1.0201209555309863,-1.3188266144177865,-0.432155691690268,0.22144048186075516,0.524529280637831,-0.41157943052205603,-0.1281646911254164,0
87.11626714939621,-26.040101080107092,-2.0181845184481495,-1.5767735039338986,-0.47666294760484573,-0.8346439371909087,-0.1592223303061736,-0.34648482586137364,0.6085823822728484,-0.3307945139428111,0.3368440226502367,0.14428062978162037,1
6.20414866451506,-2.0479791562301983,2.1781861512149088,-0.616603589993536,-0.49285179934687473,0.3514222658596968,0.24752251164132666,-0.39724941932764735,0.1822071269130996,-0.21023381823555343,0.2968732239662404,-0.3524917428051262,0
-41.819159759121334,-1.5792993447222585,-1.9908807534723791,-0.5517953224792749,0.14369674644043784,0.20674856030104627,-0.15436826839476037,0.04429766809906971,0.0758874149377109,0.20827356242266948,-0.4889092978373155,0.8602493392630026,1
-55.12441974756811,-7.006550431576855,2.5635188833782787,-0.787193414958099,0.020465563965459954,-0.3589448373070009,0.2999806824293032,-0.3766263990442088,-0.862928233383748,-0.20712015804482764,0.12477093183223276,-0.12633744183827855,0
-42.82465562484751,18.464680105428386,-0.10231486190193717,-0.5833803665425166,-1.2351672437938572,0.9681277157075856,1.2402865782421726,0.722930327644277,0.7523342868385265,-0.09848734807961723,-0.20880986019147185,-0.3130613649003824,1
70.34625369253786,-21.166493389716763,-3.4086340619265183,-0.3432158924152058,0.23179307233955748,-1.684051737874483,0.7036819757342264,-1.8883869891284708,0.17788169113942032,0.34790936241846415,-0.12072839738225727,-0.7074190298725633,1
-19.743663592367113,39.381141119680365,-1.6644771169685382,0.06731483448637343,0.7827215917619212,0.20492399642890624,0.6694857260649442,-1.0154950069429514,0.040770029127776164,0.22145093577861497,-0.15659833602675155,0.7841199255694933,1
-26.997006170039924,-5.340673055685485,-0.125805782912626,-0.28237786763061945,-0.9858420259918771,-1.1380409859831992,0.2630562671633795,1.3612469381549368,-0.11250606499615956,0.4715484908690979,-0.07881098234255446,-0.21847592580829933,0
-25.74541630367105,-0.4009029504846069,0.8031849267103564,0.34278147259315195,0.8374621599286365,-0.46922766628650225,0.632675336607284,1.9366435196067686,0.3403799769700573,-0.29979796519059376,-0.30850359356842594,0.011253875160296412,0
-7.275121450832302,-11.35668240399076,1.441439445634464,0.21776599127266172,-0.6839027788658315,-0.9648634482510696,-0.5609623941182962,0.12252511710416925,0.3830466748561574,1.3918064414785976,0.8029973331539502,-0.5123570530454911,0
-33.63055029094653,22.043705550287285,-0.3869118069032531,0.48071564091954855,0.5323118346893467,0.012108813340788949,-0.13616058561157607,1.5674833866558733,1.035693946844748,0.22249678968820108,-0.1359479843312008,-0.3660554920015009,1
95.19651610330521,-4.465339085757037,1.9297142163189487,-0.22552483999740325,-0.883182608869853,-0.9976703951321393,-0.6067338078917919,-0.39328716996055935,0.1696782208054921,-0.3884155564378913,-0.3691505871752041,0.24799913531358764,0
-78.18461145444459,-7.794960653553304,-1.387330397000986,-1.9612313267646109,0.44589536139899644,-0.37569117993909756,-0.9648223957253947,-0.7675274211936562,0.2896209248318038,0.5088977354335198,0.44980607670640294,0.11384761118431663,1
-59.18912892366316,11.338182126526306,-2.935083880888118,0.2548043566666207,0.867371712863001,-0.5230685111044584,0.8692372483854418,-0.7112072798253064,0.8682226698602307,-1.4207428069077972,-0.1583931491789956,0.5299033220982373,1
-50.012897231332005,-5.20778814901918,-0.17433344027188147,0.5331521964864221,-1.3335211022743676,1.2470637643328346,-1.197491711287665,-0.03942228570670736,0.5603586305091617,0.6290473668894871,0.3273703313803715,0.6490341208746944,1
-90.17718737415598,-7.247107092141135,2.397944501363354,-0.3202377336381861,-0.1369003462747413,-0.42833318613968435,0.4509121742997887,-0.28546744640538957,-0.1630269913472746,-0.173051548381566,0.19144045728117254,-0.03886443369262049,0
-68.98401079164483,35.82587185106132,-2.355813284083621,0.9644575925901201,0.016287943765111335,1.1198519290056836,0.0492284675023989,0.4456205825598123,-1.593012432111792,0.24553311468222816,-0.2777990282690773,-0.7230628526734448,1
-5.272973498910744,8.580656278294796,-0.728916469713468,-1.0984371395736174,-1.0484732260507612,1.07076929299924,-0.8127700417398867,1.0808244860221916,-0.13372125205372765,0.6043581678387591,-0.25384640588717655,0.6851371534050343,1
16.19157971446583,-22.528251293755503,0.3141311701590155,-1.1345873013857515,-0.27260752608502453,-2.261564111890855,-0.6049917363051645,1.3874707552353427,-1.1625869406582727,0.10185520100867018,-0.28207948868838306,-0.16263705297867004,1
-53.00271946022741,15.02788963656144,-2.7015467424605704,-0.27953055549808337,-1.0886938693124544,-0.8183440133451736,0.6212135449094114,-0.7226543772356797,1.0535649825948907,-0.1264739174824241,-0.13867910071391365,-0.47218746449343185,1
-115.63089452251623,4.102197302194568,-2.1927462068544457,-0.5435571406917654,-0.9323257243230156,0.5220013239388022,-0.189264191884165,0.5390790034376047,-0.26694252163644094,0.09428859991749805,0.17896639724410957,0.2613298549694997,1
-10.760317085167031,-1.1550645011631957,1.276769148838441,1.6310414110741491,0.574296284335456,-0.4832040439021826,0.5272957836949669,-0.040126435420441364,0.16198807464750486,0.9304989375723749,-0.17096355257622142,0.33325862894742253,1
-71.30111879713547,9.823878827828736,1.9927082928115571,-0.7160858614159762,-0.24235892381211016,0.5426183573107721,0.79499323033631,-0.8930291598375741,-0.7353176258809553,-0.12302642064887603,0.117812337408008,-0.2680315286965589,0
